Timestamp,Deviation,Vector
2025-11-19 05:44:29.151790,33.78646766442112,"[18.0, 38.1, 53, 10.455, 26.7, 96.5]"
2025-11-19 05:44:29.252030,15.00746002056884,"[17.1, 38.1, 53, 10.455, 26.7, 78.0999984741211]"
2025-11-19 05:44:29.353263,36.56757327057079,"[15.8, 38.1, 53, 10.455, 28.1, 25.600006103515625]"
2025-11-19 05:44:29.938942,17.333407685201745,"[15.5, 38.1, 41, 3.1, 33.8, 75.4000015258789]"
2025-11-19 05:44:30.038576,43.454244925525174,"[24.5, 38.1, 52, 10.526, 27.7, 17.300003051757812]"
2025-11-19 05:44:30.140787,47.573768742191746,"[15.9, 38.1, 52, 10.526, 34.0, 10.699996948242188]"
2025-11-19 05:44:30.241479,31.950586220593753,"[32.0, 38.1, 52, 10.526, 28.5, 27.20000457763672]"
2025-11-19 05:44:30.825395,18.607510152679012,"[22.3, 38.1, 41, 3.1, 27.0, 72.19999694824219]"
2025-11-19 05:44:30.926962,9.707448825897371,"[21.7, 38.1, 53, 10.544, 28.6, 48.099998474121094]"
2025-11-19 05:44:31.028068,38.20929440245335,"[12.7, 38.1, 53, 10.544, 39.1, 94.70000457763672]"
2025-11-19 05:44:31.128764,38.30775940745065,"[10.2, 38.1, 53, 10.544, 29.1, 96.9000015258789]"
2025-11-19 05:44:31.733429,19.83165186826316,"[19.8, 38.1, 41, 3.1, 26.0, 42.80000305175781]"
2025-11-19 05:44:36.233747,39.540453925877344,"[13.7, 38.2, 53, 10.512, 27.8, 82.5]"
2025-11-19 05:44:36.334958,18.941872747837387,"[13.7, 38.2, 53, 10.512, 44.6, 65.20000457763672]"
2025-11-19 05:44:36.999244,22.923361249231554,"[11.5, 38.2, 41, 3.1, 27.3, 23.0]"
2025-11-19 05:44:37.101113,19.94247021910776,"[22.9, 38.2, 53, 10.663, 31.0, 21.400001525878906]"
2025-11-19 05:44:37.202999,45.736895771464,"[13.5, 38.2, 53, 10.663, 45.1, 92.19999694824219]"
2025-11-19 05:44:37.305030,26.99030119326384,"[33.0, 38.2, 53, 10.663, 29.6, 73.5]"
2025-11-19 05:44:37.887297,25.523735174407093,"[28.3, 38.2, 41, 3.1, 26.7, 75.9000015258789]"
2025-11-19 05:44:37.988383,18.051101924135274,"[16.6, 38.2, 52, 10.935, 28.5, 74.0999984741211]"
2025-11-19 05:44:38.089570,39.87768454070226,"[14.6, 38.2, 52, 10.935, 26.5, 13.300003051757812]"
2025-11-19 05:44:38.190890,41.987700984912266,"[10.3, 38.2, 52, 10.935, 28.5, 97.80000305175781]"
2025-11-19 05:44:38.773992,28.951419072092484,"[23.9, 38.2, 41, 3.1, 28.1, 27.70000457763672]"
2025-11-19 05:44:38.875098,19.559843327265185,"[22.6, 38.2, 53, 10.573, 29.2, 74.4000015258789]"
2025-11-19 05:44:38.976577,34.333773164621114,"[18.0, 38.1, 53, 10.573, 27.7, 92.4000015258789]"
2025-11-19 05:44:39.078048,13.330178376393206,"[13.9, 38.1, 53, 10.573, 27.7, 45.80000305175781]"
2025-11-19 05:44:39.655525,15.966691089662884,"[19.6, 38.2, 41, 3.1, 32.8, 44.5]"
2025-11-19 05:44:39.756655,14.132163279264933,"[22.1, 38.2, 52, 10.34, 27.6, 70.5999984741211]"
2025-11-19 05:44:39.858388,48.03227287687638,"[18.2, 38.2, 52, 10.34, 27.3, 6.900001525878906]"
2025-11-19 05:44:39.959398,13.59910036638059,"[21.9, 38.1, 52, 10.34, 27.9, 68.19999694824219]"
2025-11-19 05:44:40.060740,23.305248023221942,"[18.6, 38.1, 52, 10.34, 39.8, 77.79999542236328]"
2025-11-19 05:44:40.655080,31.769233514777337,"[18.2, 38.1, 41, 3.1, 29.3, 88.19999694824219]"
2025-11-19 05:44:40.756449,38.11482789253707,"[20.7, 38.1, 53, 10.532, 28.5, 97.70000457763672]"
2025-11-19 05:44:40.859179,32.58619880639929,"[11.8, 38.1, 53, 10.532, 30.9, 93.0]"
2025-11-19 05:44:40.959474,12.100766503701365,"[15.0, 38.1, 53, 10.532, 27.7, 50.099998474121094]"
2025-11-19 05:44:41.542555,32.900191386726654,"[13.3, 38.1, 41, 3.1, 26.9, 92.9000015258789]"
2025-11-19 05:44:41.643197,17.30771767115774,"[14.9, 38.1, 53, 10.512, 27.6, 79.19999694824219]"
2025-11-19 05:44:41.744100,58.50480685366726,"[25.7, 38.1, 53, 10.512, 27.8, 2.7000045776367188]"
2025-11-19 05:44:41.845554,20.20507385129375,"[17.8, 38.1, 53, 10.512, 28.1, 81.0999984741211]"
2025-11-19 05:44:42.444960,50.95662460310689,"[25.0, 38.1, 41, 3.1, 25.8, 10.199996948242188]"
2025-11-19 05:44:42.546240,17.44372562462322,"[21.0, 38.1, 53, 10.572, 28.1, 42.20000457763672]"
2025-11-19 05:44:42.648278,20.313247365892774,"[10.4, 38.1, 53, 10.572, 48.6, 57.400001525878906]"
2025-11-19 05:44:42.748945,39.22608987096513,"[25.2, 38.1, 53, 10.572, 27.0, 98.5]"
2025-11-19 05:44:43.353341,15.765791389451548,"[20.2, 38.1, 41, 3.1, 30.3, 72.4000015258789]"
2025-11-19 05:44:43.454377,16.044143255495502,"[20.0, 38.1, 53, 10.498, 28.6, 44.599998474121094]"
2025-11-19 05:44:43.557004,46.593721722872814,"[21.9, 38.1, 53, 10.498, 28.0, 12.400001525878906]"
2025-11-19 05:44:43.660740,8.453470813645161,"[23.2, 38.1, 53, 10.498, 28.2, 52.5]"
2025-11-19 05:44:44.237014,43.87114426849552,"[28.7, 38.1, 41, 3.1, 68.8, 76.5]"
2025-11-19 05:44:44.338032,36.79327997813948,"[19.3, 38.2, 53, 10.476, 28.4, 96.5]"
2025-11-19 05:44:44.440145,56.783060957203425,"[10.8, 38.2, 53, 10.476, 28.2, 2.5]"
2025-11-19 05:44:44.541591,17.613895810243367,"[15.6, 38.1, 53, 10.476, 28.3, 75.69999694824219]"
2025-11-19 05:44:45.130308,22.030532341136094,"[13.1, 38.1, 41, 3.1, 27.1, 40.20000457763672]"
2025-11-19 05:44:45.231021,13.266966751175255,"[24.4, 38.1, 53, 10.36, 28.5, 70.0]"
2025-11-19 05:44:45.332662,56.43752542677367,"[21.4, 38.1, 53, 10.36, 26.7, 1.2999954223632812]"
2025-11-19 05:44:45.434032,26.912170750209658,"[17.4, 38.1, 53, 10.36, 28.4, 84.5999984741211]"
2025-11-19 05:44:46.125899,24.410533211058617,"[18.9, 38.1, 53, 10.438, 28.3, 99.70000457763672]"
2025-11-19 05:44:46.227975,54.67977269822191,"[15.2, 38.2, 53, 10.438, 74.0, 9.5]"
2025-11-19 05:44:46.328667,24.73792395913776,"[13.3, 38.2, 53, 10.438, 29.9, 25.099998474121094]"
2025-11-19 05:44:46.919557,30.560500604424472,"[16.8, 38.2, 41, 3.1, 27.6, 81.5]"
2025-11-19 05:44:47.020737,26.472439268014742,"[25.4, 38.1, 53, 10.47, 30.9, 24.20000457763672]"
2025-11-19 05:44:47.122436,9.969429697319498,"[24.4, 38.1, 53, 10.47, 27.3, 46.900001525878906]"
2025-11-19 05:44:47.222954,36.42558700968318,"[21.4, 38.1, 53, 10.47, 27.9, 89.4000015258789]"
2025-11-19 05:44:47.813697,15.294701286275343,"[26.8, 38.1, 41, 3.1, 25.2, 46.0]"
2025-11-19 05:44:47.914788,42.84162362607731,"[17.6, 38.1, 53, 10.426, 30.0, 5.700004577636719]"
2025-11-19 05:44:48.016501,19.971487258733646,"[13.0, 38.1, 53, 10.426, 28.5, 28.400001525878906]"
2025-11-19 05:44:48.117494,7.454329647984866,"[24.3, 38.1, 53, 10.426, 27.4, 48.79999542236328]"
2025-11-19 05:44:48.710330,42.57729265269112,"[18.5, 38.1, 41, 3.1, 25.9, 2.0999984741210938]"
2025-11-19 05:44:48.812120,17.119643834357916,"[26.4, 38.1, 53, 10.558, 28.5, 59.599998474121094]"
2025-11-19 05:44:48.913535,35.05560867752981,"[22.3, 38.1, 53, 10.558, 30.9, 81.5999984741211]"
2025-11-19 05:44:49.015054,25.70959941307113,"[8.0, 38.1, 53, 10.558, 28.8, 70.69999694824219]"
2025-11-19 05:44:49.597545,30.22317781967811,"[31.4, 38.1, 41, 3.1, 27.4, 20.5]"
2025-11-19 05:44:49.800820,14.574807361095358,"[16.8, 38.1, 53, 10.35, 56.4, 44.19999694824219]"
2025-11-19 05:44:49.901192,10.393267256857294,"[22.2, 38.1, 53, 10.35, 27.4, 44.19999694824219]"
2025-11-19 05:44:50.491140,21.56184374532142,"[24.0, 38.2, 41, 3.1, 29.7, 22.70000457763672]"
2025-11-19 05:44:50.592412,39.55995769127313,"[26.4, 38.2, 53, 10.759, 27.6, 88.80000305175781]"
2025-11-19 05:44:50.693627,12.574060804726544,"[16.7, 38.1, 53, 10.759, 29.5, 37.099998474121094]"
2025-11-19 05:44:50.794779,38.549524389241874,"[20.9, 38.1, 53, 10.759, 28.1, 3.2999954223632812]"
2025-11-19 05:44:51.379977,27.392045317991645,"[18.4, 38.1, 41, 3.1, 27.2, 13.299995422363281]"
2025-11-19 05:44:51.481248,25.838086581579645,"[16.9, 38.1, 53, 10.566, 29.6, 66.5]"
2025-11-19 05:44:51.584055,27.011216566490504,"[23.7, 38.1, 53, 10.566, 26.4, 70.4000015258789]"
2025-11-19 05:44:51.683997,34.484846874632545,"[14.2, 38.1, 53, 10.566, 27.7, 7.0]"
2025-11-19 05:44:52.260354,32.8095677219883,"[23.5, 38.1, 41, 3.1, 29.1, 74.4000015258789]"
2025-11-19 05:44:52.360875,44.58882832289204,"[23.6, 38.2, 53, 10.512, 29.7, 91.60000610351562]"
2025-11-19 05:44:52.462264,22.84628299614176,"[12.1, 38.2, 53, 10.512, 29.0, 70.0]"
2025-11-19 05:44:52.563288,46.05713173981202,"[15.9, 38.2, 53, 10.512, 28.6, 97.89999389648438]"
2025-11-19 05:44:53.134269,25.56195322637082,"[25.3, 38.2, 41, 3.1, 28.4, 28.0]"
2025-11-19 05:44:53.235505,26.386423566146895,"[17.2, 38.1, 53, 10.557, 26.3, 78.0]"
2025-11-19 05:44:53.336860,21.818948972385467,"[20.0, 38.2, 53, 10.557, 27.0, 74.9000015258789]"
2025-11-19 05:44:53.438442,43.362479626823834,"[17.8, 38.2, 53, 10.557, 29.7, 99.0999984741211]"
2025-11-19 05:44:53.544466,35.75195173740755,"[30.9, 38.2, 53, 10.557, 59.6, 75.79999542236328]"
2025-11-19 05:44:54.137823,20.454487670708694,"[35.3, 38.2, 41, 3.1, 30.0, 67.4000015258789]"
2025-11-19 05:44:54.233573,21.91036389531747,"[20.4, 38.2, 53, 10.591, 27.5, 35.0]"
2025-11-19 05:44:54.344269,38.054732746943095,"[17.6, 38.2, 53, 10.591, 70.2, 51.19999694824219]"
2025-11-19 05:44:54.435285,20.4435811573147,"[8.4, 38.2, 53, 10.591, 28.2, 72.5]"
2025-11-19 05:44:55.008141,17.984417107590005,"[25.0, 38.2, 41, 3.1, 27.2, 70.0999984741211]"
2025-11-19 05:44:55.121311,36.37908408348653,"[19.3, 38.1, 53, 10.515, 28.3, 94.80000305175781]"
2025-11-19 05:44:55.218393,53.688523086303064,"[14.9, 38.2, 53, 10.515, 29.3, 3.5]"
2025-11-19 05:44:55.329590,21.240047554761762,"[20.5, 38.2, 53, 10.515, 26.4, 77.80000305175781]"
2025-11-19 05:44:55.891783,37.76721399389481,"[18.9, 38.2, 41, 3.1, 28.2, 94.79999542236328]"
2025-11-19 05:44:55.996738,37.76507572858017,"[20.6, 38.2, 53, 10.594, 26.7, 20.199996948242188]"
2025-11-19 05:44:56.106602,34.78905887038872,"[16.8, 38.2, 53, 10.594, 25.5, 22.400001525878906]"
2025-11-19 05:44:56.204265,36.090587470833746,"[24.3, 38.2, 53, 10.594, 28.4, 19.599998474121094]"
2025-11-19 05:44:56.765425,18.25748184539556,"[24.1, 38.2, 41, 3.1, 26.5, 69.19999694824219]"
2025-11-19 05:44:56.876729,12.053070700179394,"[21.4, 38.1, 53, 10.582, 27.9, 44.20000457763672]"
2025-11-19 05:44:56.981073,32.185825778212724,"[17.4, 38.1, 53, 10.582, 27.3, 22.70000457763672]"
2025-11-19 05:44:57.077967,30.46236149103807,"[13.5, 38.1, 53, 10.582, 25.9, 24.400001525878906]"
2025-11-19 05:44:57.653532,15.430644409236107,"[22.6, 38.1, 41, 3.1, 28.6, 64.5]"
2025-11-19 05:44:57.764845,27.64329091647046,"[19.7, 38.1, 53, 10.585, 27.1, 25.899993896484375]"
2025-11-19 05:44:57.868681,12.908545179763003,"[15.2, 38.1, 53, 10.585, 40.2, 60.0]"
2025-11-19 05:44:57.951851,38.49529422195763,"[13.9, 38.1, 53, 10.585, 34.1, 92.0]"
2025-11-19 05:44:58.548434,18.330009362977012,"[16.8, 38.1, 41, 3.1, 28.6, 39.5]"
2025-11-19 05:44:58.638760,40.887795890882785,"[23.6, 38.1, 53, 10.521, 27.2, 95.30000305175781]"
2025-11-19 05:44:58.749849,36.17238357954948,"[16.0, 38.1, 53, 10.521, 27.6, 91.4000015258789]"
2025-11-19 05:44:58.839971,16.537437427402136,"[24.5, 38.1, 53, 10.521, 26.7, 40.29999542236328]"
2025-11-19 05:44:59.422470,48.89992169593148,"[22.5, 38.1, 41, 3.1, 28.1, 6.700004577636719]"
2025-11-19 05:44:59.512771,38.34808820547186,"[23.3, 38.1, 53, 10.726, 27.9, 93.0999984741211]"
2025-11-19 05:44:59.623606,47.42556887400535,"[10.2, 38.1, 53, 10.726, 58.9, 93.0]"
2025-11-19 05:44:59.722439,27.40728592805936,"[11.1, 38.1, 53, 10.726, 26.6, 81.9000015258789]"
2025-11-19 05:45:00.310746,32.90802193108198,"[14.7, 38.1, 41, 3.1, 29.1, 87.80000305175781]"
2025-11-19 05:45:00.407660,54.2290538953589,"[18.9, 38.1, 53, 10.616, 30.7, 1.9000015258789062]"
2025-11-19 05:45:00.609649,18.47911627983891,"[11.8, 38.1, 53, 10.616, 45.4, 48.5]"
2025-11-19 05:45:01.185084,30.280519999189924,"[21.1, 38.1, 41, 3.1, 28.0, 85.20000457763672]"
2025-11-19 05:45:01.296350,16.011931791002223,"[19.1, 38.1, 53, 10.631, 26.7, 73.10000610351562]"
2025-11-19 05:45:01.393322,30.879192285271557,"[16.8, 38.1, 53, 10.631, 25.3, 88.0999984741211]"
2025-11-19 05:45:01.496978,31.097192883020135,"[12.5, 38.1, 53, 10.631, 33.6, 89.10000610351562]"
2025-11-19 05:45:02.079259,16.893291498497753,"[26.8, 38.1, 41, 3.1, 29.6, 71.0999984741211]"
2025-11-19 05:45:02.183749,30.390098385737048,"[26.1, 38.1, 53, 10.51, 27.9, 91.19999694824219]"
2025-11-19 05:45:02.288312,19.754155260360623,"[20.6, 38.1, 53, 10.51, 25.3, 42.79999542236328]"
2025-11-19 05:45:02.392102,10.004368313836556,"[25.2, 38.1, 53, 10.51, 27.4, 68.0]"
2025-11-19 05:45:03.046890,51.341860053857665,"[17.6, 38.1, 41, 3.1, 25.4, 11.5]"
2025-11-19 05:45:03.148313,21.879121805137636,"[18.3, 38.1, 53, 10.647, 27.4, 39.0]"
2025-11-19 05:45:03.249531,28.901490444021423,"[9.2, 38.1, 53, 10.647, 27.4, 32.900001525878906]"
2025-11-19 05:45:03.350901,9.008342695503247,"[18.3, 38.1, 53, 10.647, 25.9, 65.79999542236328]"
2025-11-19 05:45:03.924863,15.40007217611914,"[16.3, 38.1, 41, 3.1, 29.3, 70.4000015258789]"
2025-11-19 05:45:04.025750,57.109495142132324,"[16.6, 38.1, 53, 10.646, 27.6, 1.4000015258789062]"
2025-11-19 05:45:04.127383,18.59968716884941,"[9.6, 38.1, 53, 10.646, 27.5, 73.70000457763672]"
2025-11-19 05:45:04.228568,33.70002379695845,"[18.8, 38.1, 53, 10.646, 26.7, 91.4000015258789]"
2025-11-19 05:45:04.817941,19.770721419493746,"[13.1, 38.1, 41, 3.1, 28.6, 41.599998474121094]"
2025-11-19 05:45:04.918725,14.65682588856559,"[18.9, 38.1, 53, 10.558, 25.7, 43.30000305175781]"
2025-11-19 05:45:05.121667,24.84246253372464,"[15.7, 38.1, 53, 10.558, 27.3, 32.5]"
2025-11-19 05:45:05.704754,17.658666001138652,"[25.9, 38.1, 41, 3.1, 28.6, 68.89999389648438]"
2025-11-19 05:45:05.806465,22.281067023198954,"[22.9, 38.1, 54, 10.481, 28.0, 78.4000015258789]"
2025-11-19 05:45:05.908603,36.6134172419625,"[26.5, 38.1, 54, 10.481, 27.9, 20.099998474121094]"
2025-11-19 05:45:06.008637,35.05256993700079,"[24.5, 38.1, 54, 10.481, 28.2, 91.5999984741211]"
2025-11-19 05:45:06.601016,21.380232436572108,"[25.3, 38.1, 41, 3.1, 32.7, 39.5]"
2025-11-19 05:45:06.702246,11.798671116783133,"[21.0, 38.1, 53, 10.623, 27.2, 66.9000015258789]"
2025-11-19 05:45:06.805677,48.97162738435329,"[10.2, 38.1, 53, 10.623, 28.4, 7.600006103515625]"
2025-11-19 05:45:06.906045,35.78502746953081,"[22.9, 38.1, 53, 10.623, 52.6, 28.900001525878906]"
2025-11-19 05:45:07.491651,28.39418927735937,"[22.1, 38.1, 41, 3.1, 45.1, 34.79999542236328]"
2025-11-19 05:45:07.592847,38.59442048800739,"[28.1, 38.1, 53, 10.634, 31.9, 17.900001525878906]"
2025-11-19 05:45:07.796627,17.20576349068203,"[8.9, 38.1, 53, 10.634, 43.6, 51.69999694824219]"
2025-11-19 05:45:08.376791,30.0059114129891,"[14.9, 38.1, 41, 3.1, 30.7, 28.099998474121094]"
2025-11-19 05:45:08.478359,42.648869520917614,"[19.2, 38.1, 54, 10.809, 27.4, 12.599998474121094]"
2025-11-19 05:45:08.579773,23.73502936044906,"[15.2, 38.1, 54, 10.809, 54.0, 52.599998474121094]"
2025-11-19 05:45:08.681971,39.15925410292822,"[39.1, 38.1, 54, 10.809, 29.2, 21.400001525878906]"
2025-11-19 05:45:09.285175,17.88669842618617,"[15.4, 38.1, 41, 3.1, 29.7, 39.70000457763672]"
2025-11-19 05:45:09.386442,13.196728878794655,"[21.3, 38.1, 54, 10.746, 28.9, 41.5]"
2025-11-19 05:45:09.488028,19.800683106574425,"[13.0, 38.1, 54, 10.746, 27.3, 71.30000305175781]"
2025-11-19 05:45:09.588722,30.649062400708235,"[13.1, 38.1, 54, 10.746, 29.3, 82.79999542236328]"
2025-11-19 05:45:10.189290,41.55694708163786,"[32.7, 38.1, 41, 3.1, 25.0, 15.199996948242188]"
2025-11-19 05:45:10.293466,23.001205361331852,"[22.8, 38.1, 54, 10.642, 27.7, 30.900001525878906]"
2025-11-19 05:45:10.404592,39.02989837342126,"[9.6, 38.1, 54, 10.642, 32.1, 13.700004577636719]"
2025-11-19 05:45:10.502408,37.83750709215962,"[28.7, 38.1, 54, 10.642, 38.6, 14.400001525878906]"
2025-11-19 05:45:11.091108,30.431898466200426,"[26.6, 38.1, 41, 3.1, 26.8, 21.300003051757812]"
2025-11-19 05:45:11.188244,21.172464927516934,"[19.5, 38.1, 54, 10.636, 28.1, 68.9000015258789]"
2025-11-19 05:45:11.299140,18.940320805380892,"[21.4, 38.1, 54, 10.636, 27.1, 30.699996948242188]"
2025-11-19 05:45:11.391250,40.60033184198689,"[14.5, 38.1, 54, 10.636, 27.9, 7.900001525878906]"
2025-11-19 05:45:11.986746,41.84218246888234,"[20.6, 38.1, 41, 3.1, 26.5, 6.8000030517578125]"
2025-11-19 05:45:12.076100,11.461591257320583,"[25.7, 38.1, 54, 10.562, 25.2, 54.099998474121094]"
2025-11-19 05:45:12.190320,42.92110011285634,"[31.4, 38.1, 54, 10.562, 66.9, 66.0]"
2025-11-19 05:45:12.277588,43.09811164355388,"[32.7, 38.1, 54, 10.562, 30.3, 87.4000015258789]"
2025-11-19 05:45:12.850389,16.50618339566974,"[17.3, 38.1, 41, 3.1, 29.1, 33.20000457763672]"
2025-11-19 05:45:13.054704,35.30947129377483,"[7.0, 38.1, 54, 10.679, 27.3, 10.5]"
2025-11-19 05:45:13.745673,57.44314962138345,"[35.5, 38.1, 41, 3.1, 26.8, 97.69999694824219]"
2025-11-19 05:45:13.848033,25.783160445731912,"[21.8, 38.1, 54, 10.675, 28.9, 68.9000015258789]"
2025-11-19 05:45:13.949371,49.44991258108115,"[27.1, 38.1, 54, 10.675, 80.5, 40.099998474121094]"
2025-11-19 05:45:14.619786,54.38963420729937,"[26.9, 38.1, 41, 3.1, 26.4, 98.30000305175781]"
2025-11-19 05:45:14.720668,42.1228812419046,"[19.9, 38.1, 54, 10.707, 28.9, 2.5999984741210938]"
2025-11-19 05:45:14.823108,40.11202659964564,"[33.1, 38.1, 54, 10.707, 70.7, 42.099998474121094]"
2025-11-19 05:45:14.923376,26.353296635607744,"[44.8, 38.1, 54, 10.707, 30.5, 33.0]"
2025-11-19 05:45:15.528583,44.12120732977769,"[16.0, 38.1, 41, 3.1, 26.6, 1.0999984741210938]"
2025-11-19 05:45:15.629918,41.41006422363006,"[28.4, 38.1, 54, 10.769, 29.5, 83.39999389648438]"
2025-11-19 05:45:15.732233,41.8421648014016,"[19.2, 38.1, 54, 10.769, 26.8, 0.899993896484375]"
2025-11-19 05:45:15.832214,37.424912760608535,"[25.0, 38.1, 54, 10.769, 29.1, 79.69999694824219]"
2025-11-19 05:45:16.409311,28.414894040934144,"[23.1, 38.1, 41, 3.1, 27.5, 68.69999694824219]"
2025-11-19 05:45:16.510673,17.957737356838642,"[20.0, 38.1, 54, 10.498, 27.7, 60.19999694824219]"
2025-11-19 05:45:16.612613,17.8823981540729,"[11.1, 38.1, 54, 10.498, 27.7, 30.199996948242188]"
2025-11-19 05:45:16.715501,15.172302666313895,"[32.2, 38.1, 54, 10.498, 32.9, 31.0]"
2025-11-19 05:45:17.304577,16.28559178052102,"[26.5, 38.1, 41, 3.1, 27.3, 32.400001525878906]"
2025-11-19 05:45:17.406983,21.355729342712493,"[33.0, 38.0, 54, 11.047, 28.2, 23.300003051757812]"
2025-11-19 05:45:17.508450,42.33844310544523,"[14.6, 38.0, 54, 11.047, 33.3, 83.0999984741211]"
2025-11-19 05:45:17.609874,46.25120049815371,"[19.4, 38.0, 54, 11.047, 28.0, 87.80000305175781]"
2025-11-19 05:45:18.268942,15.923800789205586,"[14.3, 38.0, 41, 3.1, 26.4, 47.900001525878906]"
2025-11-19 05:45:18.370032,17.57200402802626,"[16.7, 38.0, 54, 10.78, 27.1, 27.5]"
2025-11-19 05:45:18.471572,40.78750041762192,"[17.1, 38.0, 54, 10.78, 30.3, 84.0999984741211]"
2025-11-19 05:45:18.572340,22.01201758487322,"[24.5, 38.0, 54, 10.78, 30.6, 66.30000305175781]"
2025-11-19 05:45:19.264399,14.158794230616769,"[24.4, 38.0, 54, 10.705, 26.7, 6.900001525878906]"
2025-11-19 05:45:19.365620,9.768008692971009,"[9.5, 38.0, 54, 10.705, 26.8, 13.900001525878906]"
2025-11-19 05:45:19.469176,35.05467695704098,"[20.4, 38.0, 54, 10.705, 32.2, 63.0]"
2025-11-19 05:45:19.569612,18.55664292417235,"[15.6, 38.0, 54, 10.705, 27.8, 51.099998474121094]"
2025-11-19 05:45:20.150837,15.231242204406303,"[19.6, 38.0, 41, 3.1, 28.2, 46.5]"
2025-11-19 05:45:20.251374,25.309146338613278,"[29.0, 38.0, 54, 11.113, 26.7, 8.400001525878906]"
2025-11-19 05:45:20.353121,11.929515086835703,"[23.4, 38.0, 54, 11.113, 29.1, 43.599998474121094]"
2025-11-19 05:45:20.454238,9.98352660210492,"[29.3, 38.0, 54, 11.113, 26.9, 37.5]"
2025-11-19 05:45:21.057448,14.210258707794088,"[22.4, 38.0, 41, 3.1, 27.7, 43.79999542236328]"
2025-11-19 05:45:21.159167,43.18462860957198,"[17.7, 38.0, 54, 10.654, 29.2, 81.5999984741211]"
2025-11-19 05:45:21.260044,29.37114094372505,"[9.5, 38.0, 54, 10.654, 26.3, 9.099998474121094]"
2025-11-19 05:45:21.361246,17.36571983406726,"[6.7, 38.0, 54, 10.654, 27.2, 23.400001525878906]"
2025-11-19 05:45:21.463117,50.406981872903316,"[12.4, 38.0, 54, 10.654, 38.7, 88.0]"
2025-11-19 05:45:22.063101,21.749562970015912,"[14.6, 38.0, 41, 3.1, 27.9, 58.70000457763672]"
2025-11-19 05:45:22.164597,43.568148231636414,"[21.8, 38.0, 54, 10.519, 27.7, 86.5]"
2025-11-19 05:45:22.266837,12.631230974284588,"[18.0, 38.0, 54, 10.519, 27.3, 30.400001525878906]"
2025-11-19 05:45:22.367269,15.988280792704922,"[21.2, 38.0, 54, 10.519, 28.1, 58.79999542236328]"
2025-11-19 05:45:22.469136,20.620710695299753,"[17.0, 38.0, 54, 10.519, 30.1, 64.80000305175781]"
2025-11-19 05:45:23.048324,53.16911104015116,"[23.1, 38.0, 41, 3.1, 28.6, 99.0]"
2025-11-19 05:45:23.149209,36.44930323076792,"[17.8, 38.0, 54, 10.613, 26.8, 9.200004577636719]"
2025-11-19 05:45:23.251176,24.905774409202518,"[12.2, 38.0, 54, 10.613, 26.2, 20.5]"
2025-11-19 05:45:23.352697,42.039581652988986,"[11.0, 38.0, 54, 10.613, 37.3, 2.0]"
2025-11-19 05:45:23.929761,31.178933423610115,"[17.4, 38.0, 41, 3.1, 26.8, 72.69999694824219]"
2025-11-19 05:45:24.031150,24.63510228562102,"[20.6, 38.0, 54, 10.704, 27.4, 18.5]"
2025-11-19 05:45:24.135082,13.00925380507196,"[25.7, 38.0, 54, 10.704, 33.4, 33.19999694824219]"
2025-11-19 05:45:24.235788,25.622733854613564,"[13.6, 38.0, 54, 10.704, 25.1, 68.0]"
2025-11-19 05:45:24.337046,32.35817270834265,"[16.0, 38.0, 54, 10.704, 28.2, 76.5999984741211]"
2025-11-19 05:45:24.929323,48.14806520929993,"[14.2, 38.0, 41, 3.1, 26.3, 92.70000457763672]"
2025-11-19 05:45:25.030441,50.34068233221338,"[21.1, 38.0, 54, 10.64, 28.9, 98.0]"
2025-11-19 05:45:25.133246,47.31354915650031,"[20.6, 38.0, 54, 10.64, 53.2, 5.8000030517578125]"
2025-11-19 05:45:25.233552,40.25319982776671,"[18.0, 38.0, 54, 10.64, 29.8, 5.099998474121094]"
2025-11-19 05:45:25.816354,17.248048206333486,"[30.8, 38.0, 41, 3.1, 27.1, 41.599998474121094]"
2025-11-19 05:45:25.918229,34.54667189222679,"[24.5, 38.0, 54, 10.601, 29.4, 10.200004577636719]"
2025-11-19 05:45:26.020270,27.91465068712336,"[13.0, 38.0, 54, 10.601, 30.5, 72.0]"
2025-11-19 05:45:26.121661,8.270639310140542,"[19.2, 38.0, 54, 10.601, 27.7, 37.29999542236328]"
2025-11-19 05:45:26.705105,14.509939524330735,"[19.6, 38.0, 41, 3.1, 27.0, 35.79999542236328]"
2025-11-19 05:45:26.805998,40.481831215008654,"[21.6, 38.1, 54, 11.31, 27.4, 3.2000045776367188]"
2025-11-19 05:45:26.908095,24.642342218873267,"[22.4, 38.1, 54, 11.31, 48.3, 59.099998474121094]"
2025-11-19 05:45:27.009359,10.510294333883706,"[19.2, 38.1, 54, 11.31, 29.0, 33.69999694824219]"
2025-11-19 05:45:27.599509,62.786616802299385,"[57.9, 38.2, 41, 3.1, 27.3, 93.19999694824219]"
2025-11-19 05:45:27.700808,44.889857445683056,"[31.5, 38.2, 54, 10.532, 29.0, 0.40000152587890625]"
2025-11-19 05:45:27.802555,19.806928225449756,"[17.3, 38.3, 54, 10.532, 26.0, 63.099998474121094]"
2025-11-19 05:45:27.903506,8.028439081256494,"[14.3, 38.2, 54, 10.532, 28.0, 39.5]"
2025-11-19 05:45:28.487536,39.02763475365681,"[19.0, 38.2, 41, 3.1, 27.3, 5.899993896484375]"
2025-11-19 05:45:28.588383,44.22835805363983,"[21.0, 38.3, 54, 10.602, 28.8, 88.19999694824219]"
2025-11-19 05:45:28.689367,36.671964671089704,"[27.3, 38.2, 54, 10.602, 27.0, 80.5999984741211]"
2025-11-19 05:45:28.791358,23.330674726640225,"[21.3, 38.2, 54, 10.602, 28.3, 21.400001525878906]"
2025-11-19 05:45:29.383550,49.24454304831051,"[16.7, 38.2, 41, 3.1, 28.1, 93.19999694824219]"
2025-11-19 05:45:29.484389,31.803054151086542,"[23.8, 38.2, 54, 10.52, 28.7, 13.400001525878906]"
2025-11-19 05:45:29.586127,32.97565537237908,"[9.9, 38.2, 54, 10.52, 28.3, 13.200004577636719]"
2025-11-19 05:45:29.687331,37.255477434126185,"[22.3, 38.2, 54, 10.52, 29.0, 83.0]"
2025-11-19 05:45:30.360317,40.93833949901308,"[13.9, 38.2, 41, 3.1, 28.1, 86.0]"
2025-11-19 05:45:30.461775,9.194487264250382,"[22.4, 38.2, 54, 10.877, 26.8, 54.900001525878906]"
2025-11-19 05:45:30.563007,23.359424152865085,"[10.5, 38.2, 54, 10.877, 26.0, 68.60000610351562]"
2025-11-19 05:45:30.664239,28.187938149994473,"[28.0, 38.2, 54, 10.877, 28.8, 21.20000457763672]"
2025-11-19 05:45:30.766761,51.67321273857826,"[20.2, 38.2, 54, 10.877, 81.6, 53.400001525878906]"
2025-11-19 05:45:31.366474,39.048501308500946,"[37.5, 38.3, 41, 3.1, 26.5, 15.0]"
2025-11-19 05:45:31.467591,14.932208056566184,"[21.1, 38.3, 54, 10.61, 26.3, 62.0]"
2025-11-19 05:45:31.569958,34.669863841244215,"[10.4, 38.3, 54, 10.61, 26.8, 81.0999984741211]"
2025-11-19 05:45:31.671081,22.56064611576261,"[14.3, 38.3, 54, 10.61, 28.8, 26.800003051757812]"
2025-11-19 05:45:32.254855,35.17871787566232,"[13.6, 38.3, 41, 3.1, 29.0, 82.19999694824219]"
2025-11-19 05:45:32.356345,45.23402821992543,"[22.6, 38.2, 54, 10.863, 29.1, 94.70000457763672]"
2025-11-19 05:45:32.457794,33.80077328475207,"[29.2, 38.2, 54, 10.863, 30.9, 16.400001525878906]"
2025-11-19 05:45:32.559592,28.883210885912213,"[23.7, 38.2, 54, 10.863, 35.4, 76.69999694824219]"
2025-11-19 05:45:32.660878,9.541962679281097,"[16.7, 38.2, 54, 10.863, 28.2, 57.0]"
2025-11-19 05:45:33.246183,46.86007115705331,"[17.1, 38.2, 41, 3.1, 28.1, 2.8000030517578125]"
2025-11-19 05:45:33.347032,37.818603908617376,"[7.8, 38.2, 54, 10.753, 29.5, 84.0]"
2025-11-19 05:45:33.448074,31.902330865037246,"[11.0, 38.2, 54, 10.753, 28.6, 16.400001525878906]"
2025-11-19 05:45:33.550253,27.204004483026377,"[3.8, 38.2, 54, 10.753, 45.9, 31.5]"
2025-11-19 05:45:34.130574,31.53727820862038,"[16.8, 38.2, 41, 3.1, 60.5, 44.80000305175781]"
2025-11-19 05:45:34.230754,28.22597164774611,"[17.7, 38.2, 54, 10.481, 34.0, 20.29999542236328]"
2025-11-19 05:45:34.332096,26.51554767154941,"[20.0, 38.2, 54, 10.481, 36.4, 21.199996948242188]"
2025-11-19 05:45:34.433818,9.983496705938961,"[18.6, 38.2, 54, 10.481, 34.7, 38.599998474121094]"
2025-11-19 05:45:35.025156,47.76016146669845,"[15.4, 38.2, 41, 3.1, 49.1, 4.0]"
2025-11-19 05:45:35.126374,32.17329515798107,"[18.5, 38.2, 54, 10.479, 35.3, 14.0]"
2025-11-19 05:45:35.228962,38.33989680362939,"[40.9, 38.3, 54, 10.479, 53.8, 69.9000015258789]"
2025-11-19 05:45:35.329729,25.71611395276198,"[30.2, 38.3, 54, 10.479, 33.2, 20.599998474121094]"
2025-11-19 05:45:35.430297,8.159499988654662,"[21.2, 38.3, 54, 10.479, 35.8, 50.20000457763672]"
2025-11-19 05:45:36.012610,14.160845478333277,"[24.3, 38.3, 41, 3.1, 40.2, 43.30000305175781]"
2025-11-19 05:53:41.090377,34.06263618188586,"[4.0, 39.4, 48, 10.316, 62.4, 32.80000305175781]"
2025-11-19 05:53:41.190844,48.545340777881854,"[9.2, 39.4, 48, 10.316, 31.0, 0.40000152587890625]"
2025-11-19 05:53:41.293518,31.561608097938706,"[2.2, 39.4, 48, 10.316, 43.6, 79.39999389648438]"
2025-11-19 05:53:41.857354,30.048114391331147,"[5.4, 39.4, 46, 3.1, 26.9, 20.599998474121094]"
2025-11-19 05:53:41.958890,17.407617397893254,"[9.9, 39.4, 48, 10.16, 31.9, 31.5]"
2025-11-19 05:53:42.060353,23.703982191855822,"[5.1, 39.4, 48, 10.16, 27.0, 71.20000457763672]"
2025-11-19 05:53:42.160679,29.84278355255826,"[25.0, 39.4, 48, 10.16, 25.7, 74.30000305175781]"
2025-11-19 05:53:42.742090,11.108558206644298,"[11.6, 39.4, 46, 3.1, 24.8, 45.5]"
2025-11-19 05:53:42.843352,20.91028854371543,"[10.7, 39.4, 48, 10.206, 25.0, 29.70000457763672]"
2025-11-19 05:53:42.944527,13.735076586839131,"[3.9, 39.4, 48, 10.206, 23.9, 57.80000305175781]"
2025-11-19 05:53:43.046034,31.12115195962284,"[2.8, 39.4, 48, 10.206, 30.6, 80.30000305175781]"
2025-11-19 05:53:43.148066,39.136484758093,"[11.1, 39.4, 48, 10.206, 25.4, 10.700004577636719]"
2025-11-19 05:53:43.734745,36.056434116499325,"[11.9, 39.4, 46, 3.1, 28.8, 13.400001525878906]"
2025-11-19 05:53:43.835365,42.28674834782438,"[12.9, 39.4, 48, 10.28, 25.4, 5.900001525878906]"
2025-11-19 05:53:43.936927,5.5441400860330265,"[5.5, 39.4, 48, 10.28, 32.7, 50.5]"
2025-11-19 05:53:44.041244,50.10691943125817,"[4.9, 39.4, 48, 10.28, 52.9, 0.40000152587890625]"
2025-11-19 05:53:44.604085,27.906434940215224,"[11.0, 39.4, 46, 3.1, 27.5, 73.20000457763672]"
2025-11-19 05:53:44.705670,26.90663034195665,"[11.5, 39.4, 48, 10.325, 26.8, 20.400001525878906]"
2025-11-19 05:53:44.807017,19.43879898074732,"[3.5, 39.4, 48, 10.325, 25.2, 62.80000305175781]"
2025-11-19 05:53:44.908069,10.197098224871304,"[1.1, 39.4, 48, 10.325, 31.7, 42.0]"
2025-11-19 05:53:45.489919,9.40641532663993,"[8.3, 39.4, 46, 3.1, 27.8, 42.0]"
2025-11-19 05:53:45.589373,49.2755287088142,"[10.6, 39.4, 48, 10.087, 29.1, 96.9000015258789]"
2025-11-19 05:53:45.690556,33.52122103566074,"[8.8, 39.4, 48, 10.087, 28.0, 82.30000305175781]"
2025-11-19 05:53:45.792843,41.56049617665014,"[13.4, 39.4, 48, 10.087, 24.3, 8.099998474121094]"
2025-11-19 05:53:46.378570,21.103117468388017,"[6.6, 39.4, 46, 3.1, 32.3, 68.5999984741211]"
2025-11-19 05:53:46.479527,38.17028381655394,"[14.0, 39.4, 48, 10.285, 24.4, 10.0]"
2025-11-19 05:53:46.580581,11.541731756703,"[2.4, 39.4, 48, 10.285, 24.3, 49.900001525878906]"
2025-11-19 05:53:46.685631,60.47813193883729,"[3.5, 39.4, 48, 10.285, 80.2, 85.5]"
2025-11-19 05:53:47.254864,52.49355260022977,"[20.8, 39.4, 46, 3.1, 26.8, 97.9000015258789]"
2025-11-19 05:53:47.355928,25.96040607429946,"[12.2, 39.4, 49, 10.303, 30.2, 20.900001525878906]"
2025-11-19 05:53:47.457043,50.59678958896869,"[2.3, 39.4, 49, 10.303, 26.6, 96.0999984741211]"
2025-11-19 05:53:47.559366,25.626833659461948,"[12.6, 39.4, 49, 10.303, 43.8, 22.900001525878906]"
2025-11-19 05:53:48.141372,21.090167547469807,"[5.8, 39.4, 46, 3.1, 23.9, 63.69999694824219]"
2025-11-19 05:53:48.241937,26.978390912200886,"[7.0, 39.4, 48, 10.349, 25.0, 20.099998474121094]"
2025-11-19 05:53:48.342930,8.521114577110625,"[5.5, 39.4, 48, 10.349, 28.3, 53.20000457763672]"
2025-11-19 05:53:48.445903,30.535172290937,"[6.4, 39.4, 48, 10.349, 29.1, 78.0]"
2025-11-19 05:53:49.029113,16.322748521563664,"[10.6, 39.4, 46, 3.1, 25.3, 62.5]"
2025-11-19 05:53:49.130069,32.504214068921854,"[9.8, 39.4, 49, 10.327, 24.8, 80.30000305175781]"
2025-11-19 05:53:49.231073,24.183501338741113,"[6.2, 39.4, 49, 10.327, 26.7, 24.70000457763672]"
2025-11-19 05:53:49.332874,5.591529727749268,"[4.8, 39.4, 49, 10.327, 27.3, 49.5]"
2025-11-19 05:53:49.911601,36.26045043545526,"[8.7, 39.4, 46, 3.1, 29.0, 13.300003051757812]"
2025-11-19 05:53:50.012787,11.847317543965382,"[14.5, 39.4, 48, 10.36, 25.5, 58.0]"
2025-11-19 05:53:50.113920,9.324889837150172,"[3.3, 39.4, 48, 10.36, 24.1, 53.20000457763672]"
2025-11-19 05:53:50.216345,24.58702793314303,"[11.0, 39.4, 48, 10.36, 48.7, 65.5]"
2025-11-19 05:53:50.798867,37.489834438338,"[13.0, 39.4, 46, 3.1, 24.6, 10.799995422363281]"
2025-11-19 05:53:50.900097,48.18868406893426,"[9.0, 39.4, 49, 10.338, 28.8, 96.10000610351562]"
2025-11-19 05:53:51.000493,29.591082360022956,"[1.9, 39.4, 49, 10.338, 24.9, 19.699996948242188]"
2025-11-19 05:53:51.102489,31.874871261461703,"[1.9, 39.4, 49, 10.338, 36.4, 79.0]"
2025-11-19 05:53:51.205958,36.59756453502479,"[5.4, 39.4, 49, 10.338, 66.7, 57.900001525878906]"
2025-11-19 05:53:51.773380,21.987038299259133,"[5.7, 39.4, 46, 3.1, 25.2, 27.800003051757812]"
2025-11-19 05:53:51.874371,36.846037728612,"[13.5, 39.4, 48, 10.003, 26.5, 11.299995422363281]"
2025-11-19 05:53:51.976166,45.64712501744884,"[7.2, 39.4, 48, 10.003, 24.5, 94.5999984741211]"
2025-11-19 05:53:52.081398,9.778166497841527,"[3.9, 39.4, 48, 10.003, 38.6, 46.0]"
2025-11-19 05:53:52.648353,9.225850433017317,"[12.8, 39.4, 46, 3.1, 24.7, 50.5]"
2025-11-19 05:53:52.749220,8.358591350834153,"[10.2, 39.4, 48, 10.27, 33.4, 42.099998474121094]"
2025-11-19 05:53:52.851418,34.045121938015384,"[7.1, 39.4, 48, 10.27, 28.5, 83.69999694824219]"
2025-11-19 05:53:52.953714,24.165355452259504,"[5.7, 39.4, 48, 10.27, 25.8, 25.300003051757812]"
2025-11-19 05:53:53.517920,40.44772369883273,"[8.7, 39.4, 46, 3.1, 26.8, 8.199996948242188]"
2025-11-19 05:53:53.618613,10.170969244214652,"[11.9, 39.4, 48, 10.23, 24.1, 55.29999542236328]"
2025-11-19 05:53:53.719994,3.313495568956197,"[6.4, 39.4, 48, 10.23, 32.4, 49.79999542236328]"
2025-11-19 05:53:53.821576,5.922899451749808,"[6.0, 39.4, 48, 10.23, 28.1, 52.400001525878906]"
2025-11-19 05:53:54.418425,8.618526337394284,"[14.7, 39.4, 46, 3.1, 29.2, 49.30000305175781]"
2025-11-19 05:53:54.519132,15.591582668318201,"[10.0, 39.4, 48, 10.163, 26.2, 64.4000015258789]"
2025-11-19 05:53:54.620182,40.580214401773915,"[9.4, 39.4, 48, 10.163, 25.8, 91.5999984741211]"
2025-11-19 05:53:54.721898,27.502965114727033,"[4.0, 39.4, 48, 10.163, 28.7, 79.0]"
2025-11-19 05:53:55.303589,10.228256585616522,"[13.6, 39.4, 46, 3.1, 25.1, 48.20000457763672]"
2025-11-19 05:53:55.404641,25.837759145494495,"[18.7, 39.4, 49, 10.215, 27.3, 28.5]"
2025-11-19 05:53:55.506765,31.829663637650327,"[12.1, 39.4, 49, 10.215, 24.1, 21.0]"
2025-11-19 05:53:55.607372,16.828500727718765,"[10.6, 39.4, 49, 10.215, 23.3, 67.30000305175781]"
2025-11-19 05:53:56.203401,45.4972687369048,"[12.6, 39.4, 46, 3.1, 26.5, 98.0999984741211]"
2025-11-19 05:53:56.304735,11.850899037739406,"[11.4, 39.4, 49, 10.264, 27.3, 42.100006103515625]"
2025-11-19 05:53:56.406555,13.359847616390182,"[2.8, 39.4, 49, 10.264, 24.0, 62.80000305175781]"
2025-11-19 05:53:56.507741,30.24156787273004,"[8.7, 39.4, 49, 10.264, 24.7, 82.30000305175781]"
2025-11-19 05:53:57.090422,21.077673596503946,"[6.3, 39.4, 46, 3.1, 27.3, 33.0]"
2025-11-19 05:53:57.191979,11.601379255814708,"[13.0, 39.4, 48, 10.31, 24.5, 62.30000305175781]"
2025-11-19 05:53:57.293020,6.329231081916071,"[6.3, 39.4, 48, 10.31, 24.8, 56.80000305175781]"
2025-11-19 05:53:57.396386,54.21966773258258,"[4.3, 39.4, 48, 10.31, 48.7, 2.2000045776367188]"
2025-11-19 05:53:57.966129,44.41295098869167,"[18.6, 39.4, 46, 3.1, 28.7, 96.0999984741211]"
2025-11-19 05:53:58.067108,25.941851057569302,"[10.6, 39.4, 49, 10.212, 25.7, 78.30000305175781]"
2025-11-19 05:53:58.171480,45.27480875992204,"[3.1, 39.4, 49, 10.212, 67.9, 29.199996948242188]"
2025-11-19 05:53:58.270558,26.023859853879955,"[6.9, 39.4, 49, 10.212, 26.5, 78.19999694824219]"
2025-11-19 05:53:58.374214,31.035559840011555,"[4.6, 39.4, 49, 10.212, 56.2, 69.5]"
2025-11-19 05:53:58.950542,12.403805565894103,"[5.4, 39.4, 46, 3.1, 25.0, 62.69999694824219]"
2025-11-19 05:53:59.051637,59.62087567705591,"[9.0, 39.4, 49, 10.442, 61.6, 2.100006103515625]"
2025-11-19 05:53:59.153322,50.71437392931271,"[6.9, 39.4, 49, 10.442, 31.1, 1.4000015258789062]"
2025-11-19 05:53:59.256171,21.780577568688205,"[7.4, 39.4, 49, 10.442, 52.9, 50.400001525878906]"
2025-11-19 05:53:59.837305,41.811574760622086,"[5.9, 39.4, 46, 3.1, 23.7, 9.800003051757812]"
2025-11-19 05:53:59.937571,7.289546554945524,"[7.9, 39.4, 49, 10.244, 24.4, 51.19999694824219]"
2025-11-19 05:54:00.038826,38.026819527039095,"[8.5, 39.4, 49, 10.244, 27.3, 88.89999389648438]"
2025-11-19 05:54:00.142310,37.84374258303251,"[1.0, 39.4, 49, 10.244, 51.1, 83.4000015258789]"
2025-11-19 05:54:00.707655,40.35445765069656,"[8.0, 39.4, 46, 3.1, 42.2, 92.0]"
2025-11-19 05:54:00.809986,37.68351476325945,"[13.9, 39.4, 49, 10.321, 25.0, 90.5999984741211]"
2025-11-19 05:54:00.911270,49.90145854458062,"[7.0, 39.4, 49, 10.321, 25.8, 3.600006103515625]"
2025-11-19 05:54:01.013852,11.03819209217491,"[10.7, 39.4, 49, 10.321, 41.9, 56.400001525878906]"
2025-11-19 05:54:01.587530,20.685830795927593,"[9.5, 39.4, 46, 3.1, 44.9, 38.100006103515625]"
2025-11-19 05:54:01.687799,10.620281206009958,"[11.7, 39.4, 49, 10.266, 25.1, 45.5]"
2025-11-19 05:54:01.789890,25.31093014370292,"[2.8, 39.4, 49, 10.266, 35.1, 78.0]"
2025-11-19 05:54:01.890764,28.45922597342947,"[0.8, 39.4, 49, 10.266, 26.9, 80.39999389648438]"
2025-11-19 05:54:02.488873,18.072042145924634,"[10.8, 39.4, 46, 3.1, 25.8, 37.099998474121094]"
2025-11-19 05:54:02.590120,37.9122714918304,"[8.9, 39.4, 48, 10.449, 25.8, 91.9000015258789]"
2025-11-19 05:54:02.691010,10.691285811155234,"[3.5, 39.4, 48, 10.449, 26.2, 47.5]"
2025-11-19 05:54:02.791921,52.376441117077306,"[7.0, 39.4, 48, 10.449, 23.5, 1.5999984741210938]"
2025-11-19 05:54:03.378108,14.463173018806101,"[20.3, 39.4, 46, 3.1, 25.1, 56.30000305175781]"
2025-11-19 05:54:03.479467,45.31220333456701,"[7.7, 39.4, 49, 10.367, 27.1, 7.599998474121094]"
2025-11-19 05:54:03.579894,8.642196618769926,"[4.7, 39.4, 49, 10.367, 23.7, 54.5]"
2025-11-19 05:54:03.683417,31.15249745536658,"[7.5, 39.4, 49, 10.367, 36.0, 83.5999984741211]"
2025-11-19 05:54:04.258006,41.775919900551834,"[11.7, 39.4, 46, 3.1, 25.9, 11.700004577636719]"
2025-11-19 05:54:04.359552,11.864028758196758,"[14.4, 39.4, 48, 9.975, 26.3, 62.900001525878906]"
2025-11-19 05:54:04.459709,23.763275454974842,"[11.9, 39.4, 48, 9.975, 43.4, 33.0]"
2025-11-19 05:54:04.561203,19.875460813107914,"[12.6, 39.4, 48, 9.975, 26.9, 72.69999694824219]"
2025-11-19 05:54:05.144553,48.682487617942115,"[15.6, 39.4, 46, 3.1, 39.2, 5.5]"
2025-11-19 05:54:05.246972,34.90286406653358,"[9.1, 39.4, 49, 10.215, 29.9, 88.4000015258789]"
2025-11-19 05:54:05.347885,31.893815000849784,"[7.1, 39.4, 49, 10.215, 33.7, 21.0]"
2025-11-19 05:54:05.449428,49.56905970779372,"[4.9, 39.4, 49, 10.215, 35.8, 1.7000045776367188]"
2025-11-19 05:54:06.038033,47.005256744933185,"[9.6, 39.4, 46, 3.1, 34.3, 2.7999954223632812]"
2025-11-19 05:54:06.138036,47.89456278602481,"[8.8, 39.4, 49, 10.241, 31.6, 0.600006103515625]"
2025-11-19 05:54:06.239062,49.73852323389137,"[3.9, 39.4, 49, 10.241, 25.6, 98.89999389648438]"
2025-11-19 05:54:06.340278,26.943271011521766,"[6.5, 39.4, 49, 10.241, 32.4, 77.79999542236328]"
2025-11-19 05:54:06.441805,39.42332645571924,"[3.4, 39.4, 49, 10.241, 34.1, 90.5]"
2025-11-19 05:54:07.012542,24.20410482248541,"[9.5, 39.4, 46, 3.1, 27.2, 73.80000305175781]"
2025-11-19 05:54:07.113221,16.121155490236028,"[11.3, 39.4, 49, 10.328, 23.7, 37.900001525878906]"
2025-11-19 05:54:07.215600,49.04020857995262,"[10.0, 39.4, 49, 10.328, 27.0, 1.0]"
2025-11-19 05:54:07.316859,13.870380397906596,"[11.4, 39.4, 49, 10.328, 29.6, 62.30000305175781]"
2025-11-19 05:54:07.904829,42.82034790653616,"[13.6, 39.4, 46, 3.1, 28.0, 92.30000305175781]"
2025-11-19 05:54:08.005745,40.94539113435534,"[8.9, 39.4, 49, 10.371, 24.6, 91.0999984741211]"
2025-11-19 05:54:08.108368,24.11955682315087,"[5.1, 39.4, 49, 10.371, 24.5, 28.099998474121094]"
2025-11-19 05:54:08.314667,21.770985239045668,"[11.4, 39.4, 49, 10.371, 47.3, 34.5]"
2025-11-19 05:54:08.877771,14.263684972303057,"[8.9, 39.4, 46, 3.1, 28.6, 37.099998474121094]"
2025-11-19 05:54:08.978973,20.4325157332822,"[11.1, 39.4, 49, 10.328, 52.6, 49.69999694824219]"
2025-11-19 05:54:09.079890,17.305862238173827,"[3.4, 39.4, 49, 10.328, 26.0, 33.80000305175781]"
2025-11-19 05:54:09.181429,18.784962253677723,"[2.5, 39.4, 49, 10.328, 28.8, 30.699996948242188]"
2025-11-19 05:54:09.748471,10.067131012588213,"[9.9, 39.4, 46, 3.1, 25.6, 53.0]"
2025-11-19 05:54:09.849159,9.91268231626158,"[8.7, 39.4, 49, 10.189, 28.7, 58.5]"
2025-11-19 05:54:10.053408,12.78328871178823,"[1.0, 39.4, 49, 10.189, 41.1, 50.29999542236328]"
2025-11-19 05:54:10.633182,16.98637357204636,"[5.9, 39.4, 46, 3.1, 25.1, 65.69999694824219]"
2025-11-19 05:54:10.734021,41.61556767560294,"[11.4, 39.4, 49, 10.144, 36.0, 93.0999984741211]"
2025-11-19 05:54:10.835258,30.872934749052064,"[6.3, 39.4, 49, 10.144, 28.4, 82.4000015258789]"
2025-11-19 05:54:10.936530,16.395846416072022,"[9.8, 39.4, 49, 10.144, 27.5, 67.4000015258789]"
2025-11-19 05:54:11.519809,16.046368408093908,"[8.0, 39.4, 46, 3.1, 25.9, 36.099998474121094]"
2025-11-19 05:54:11.620899,13.62626341708741,"[12.8, 39.4, 49, 10.398, 24.6, 61.20000457763672]"
2025-11-19 05:54:11.823720,19.813105290451,"[6.2, 39.4, 49, 10.398, 25.5, 31.199996948242188]"
2025-11-19 05:54:12.599724,26.62368661239216,"[2.0, 39.4, 49, 10.392, 25.7, 24.199996948242188]"
2025-11-19 05:54:12.700186,46.827837449596906,"[8.7, 39.4, 49, 10.392, 26.3, 1.399993896484375]"
2025-11-19 05:54:13.276763,32.7561842376859,"[19.8, 39.4, 46, 3.1, 44.0, 20.900001525878906]"
2025-11-19 05:54:13.377645,32.113810679166576,"[7.9, 39.4, 49, 10.37, 28.5, 79.5]"
2025-11-19 05:54:13.479779,48.58315615874235,"[2.0, 39.4, 49, 10.37, 26.3, 96.4000015258789]"
2025-11-19 05:54:13.582209,43.99276581393205,"[2.0, 39.4, 49, 10.37, 39.5, 6.100006103515625]"
2025-11-19 05:54:14.148650,50.97491768540191,"[11.6, 39.4, 46, 3.1, 57.0, 4.200004577636719]"
2025-11-19 05:54:14.249453,45.44380719250148,"[13.7, 39.4, 49, 10.093, 27.9, 2.4000015258789062]"
2025-11-19 05:54:14.350739,35.365258335426724,"[8.0, 39.4, 49, 10.093, 29.0, 11.300003051757812]"
2025-11-19 05:54:14.453266,53.32704234550484,"[5.8, 39.4, 49, 10.093, 60.8, 91.20000457763672]"
2025-11-19 05:54:15.030384,23.78830490434676,"[14.3, 39.4, 46, 3.1, 26.8, 69.70000457763672]"
2025-11-19 05:54:15.131598,32.155482986965986,"[10.8, 39.4, 49, 10.391, 29.0, 15.0]"
2025-11-19 05:54:15.232669,41.874298312443536,"[4.6, 39.4, 49, 10.391, 30.7, 4.6999969482421875]"
2025-11-19 05:54:15.336175,35.04655165263489,"[3.6, 39.4, 49, 10.391, 65.1, 34.69999694824219]"
2025-11-19 05:54:15.905125,19.89085840668369,"[9.7, 39.4, 46, 3.1, 34.9, 27.300003051757812]"
2025-11-19 05:54:16.106465,41.03327827561544,"[5.7, 39.4, 49, 10.421, 30.7, 3.8000030517578125]"
2025-11-19 05:54:16.210028,51.23214658336274,"[3.9, 39.4, 49, 10.421, 68.8, 8.799995422363281]"
2025-11-19 05:54:16.786189,11.987889107531029,"[6.1, 39.4, 46, 3.1, 31.6, 35.30000305175781]"
2025-11-19 05:54:16.887866,44.22238054985133,"[8.8, 39.4, 49, 10.304, 30.0, 91.4000015258789]"
2025-11-19 05:54:16.988993,51.92942287541694,"[7.7, 39.3, 49, 10.304, 32.7, 99.20000457763672]"
2025-11-19 05:54:17.090150,19.324813695715367,"[18.8, 39.3, 49, 10.304, 32.8, 30.199996948242188]"
2025-11-19 05:54:17.663142,23.216874003550096,"[10.3, 39.3, 46, 3.1, 30.4, 22.70000457763672]"
2025-11-19 05:54:17.764618,21.95385406079368,"[10.6, 39.3, 49, 10.369, 33.2, 22.199996948242188]"
2025-11-19 05:54:17.865655,12.324585661530772,"[4.9, 39.3, 49, 10.369, 32.5, 32.19999694824219]"
2025-11-19 05:54:18.547842,26.37293466779838,"[7.0, 39.3, 46, 3.1, 31.4, 70.5999984741211]"
2025-11-19 05:54:18.649247,48.01479422774543,"[11.0, 39.3, 49, 10.356, 37.4, 92.70000457763672]"
2025-11-19 05:54:18.752342,59.10833052960722,"[4.6, 39.3, 49, 10.356, 57.2, 99.4000015258789]"
2025-11-19 05:54:18.853426,40.7044958853203,"[7.3, 39.3, 49, 10.356, 27.9, 4.5]"
2025-11-19 05:54:19.508326,22.864307961327302,"[4.8, 39.3, 46, 3.1, 31.2, 66.5999984741211]"
2025-11-19 05:54:19.608741,15.21301238692718,"[10.2, 39.3, 49, 10.131, 33.5, 29.900001525878906]"
2025-11-19 05:54:19.711016,19.370042006826694,"[4.4, 39.3, 49, 10.131, 38.6, 63.80000305175781]"
2025-11-19 05:54:19.812421,42.67868316272195,"[5.3, 39.3, 49, 10.131, 39.3, 2.1999969482421875]"
2025-11-19 05:54:20.399271,43.80370843206988,"[11.6, 39.3, 46, 3.1, 35.3, 0.5]"
2025-11-19 05:54:20.500123,24.535517979250205,"[11.6, 39.3, 49, 10.283, 32.1, 19.399993896484375]"
2025-11-19 05:54:20.600786,39.53822058733645,"[9.3, 39.3, 49, 10.283, 31.2, 83.5]"
2025-11-19 05:54:20.804759,29.48678800549817,"[7.7, 39.3, 49, 10.283, 35.6, 73.70000457763672]"
2025-11-19 05:54:21.587401,49.31516782504452,"[10.3, 39.3, 49, 10.37, 30.7, 3.0999984741210938]"
2025-11-19 05:54:21.690242,31.890810412878157,"[5.0, 39.3, 49, 10.37, 54.3, 87.89999389648438]"
2025-11-19 05:54:22.266718,27.23538933932047,"[6.7, 39.3, 46, 3.1, 34.1, 27.900001525878906]"
2025-11-19 05:54:22.368550,18.695594343943306,"[9.2, 39.3, 49, 10.348, 32.3, 32.80000305175781]"
2025-11-19 05:54:22.469167,23.499250281306796,"[5.0, 39.3, 49, 10.348, 27.9, 76.80000305175781]"
2025-11-19 05:54:22.570820,16.456059567171057,"[7.2, 39.3, 49, 10.348, 40.3, 36.79999542236328]"
2025-11-19 05:54:23.255890,29.197511312777696,"[9.0, 39.3, 49, 10.402, 34.3, 20.5]"
2025-11-19 05:54:23.460202,41.16263365668966,"[2.0, 39.3, 49, 10.402, 79.1, 53.80000305175781]"
2025-11-19 05:54:24.127459,41.17908738985773,"[13.6, 39.3, 49, 10.352, 30.7, 93.0]"
2025-11-19 05:54:24.228602,19.943349043589624,"[6.9, 39.3, 49, 10.352, 31.2, 73.10000610351562]"
2025-11-19 05:54:24.329868,29.955489936157186,"[12.7, 39.3, 49, 10.352, 28.6, 24.099998474121094]"
2025-11-19 05:54:25.020056,46.21097381731058,"[12.3, 39.3, 49, 10.479, 30.7, 3.899993896484375]"
2025-11-19 05:54:25.121456,12.958309154327692,"[3.0, 39.3, 49, 10.479, 28.9, 59.099998474121094]"
2025-11-19 05:54:25.223785,26.452824085693265,"[0.9, 39.3, 49, 10.479, 46.4, 25.099998474121094]"
2025-11-19 05:54:25.808937,21.727605503476322,"[15.4, 39.3, 46, 3.1, 38.4, 69.30000305175781]"
2025-11-19 05:54:25.909368,20.335082211255227,"[10.0, 39.3, 49, 10.451, 36.6, 70.80000305175781]"
2025-11-19 05:54:26.010110,44.75385406018599,"[7.9, 39.3, 49, 10.451, 30.7, 97.0]"
2025-11-19 05:54:26.112916,10.830126365909708,"[6.1, 39.3, 49, 10.451, 47.5, 51.600006103515625]"
2025-11-19 05:54:26.704784,51.34963723140611,"[14.7, 39.3, 46, 3.1, 32.6, 0.100006103515625]"
2025-11-19 05:54:26.806071,13.950042935354913,"[12.5, 39.4, 49, 10.192, 30.5, 38.400001525878906]"
2025-11-19 05:54:26.908116,29.407724934392647,"[13.5, 39.4, 49, 10.192, 39.9, 20.199996948242188]"
2025-11-19 05:54:27.009774,49.471465476028214,"[28.8, 39.4, 49, 10.192, 36.5, 96.0999984741211]"
2025-11-19 05:54:27.592015,38.08203952181579,"[17.4, 39.4, 46, 3.1, 46.3, 87.5999984741211]"
2025-11-19 05:54:27.694108,45.028304181279054,"[39.2, 39.5, 49, 10.424, 42.7, 87.4000015258789]"
2025-11-19 05:54:27.795373,22.483580826618198,"[23.4, 39.4, 49, 10.424, 33.0, 71.89999389648438]"
2025-11-19 05:54:27.896686,11.432481145249435,"[14.3, 39.4, 49, 10.424, 47.9, 50.80000305175781]"
2025-11-19 05:54:27.998523,8.909959477882031,"[10.7, 39.4, 49, 10.424, 39.5, 44.900001525878906]"
2025-11-19 05:54:28.668348,29.3036952611713,"[20.0, 39.4, 49, 10.415, 31.7, 81.5]"
2025-11-19 05:54:28.769764,44.39730551013676,"[12.6, 39.4, 49, 10.415, 34.5, 8.599998474121094]"
2025-11-19 05:54:28.871093,31.747938192792695,"[12.4, 39.4, 49, 10.415, 28.8, 21.400001525878906]"
2025-11-19 05:54:29.471225,15.167819561295044,"[11.7, 39.4, 46, 3.1, 31.7, 65.4000015258789]"
2025-11-19 05:54:29.673553,42.21190963119933,"[1.0, 38.9, 50, 10.241, 32.8, 95.80000305175781]"
2025-11-19 05:54:29.775077,23.529603600254806,"[15.4, 38.9, 50, 10.241, 39.5, 20.099998474121094]"
2025-11-19 05:54:30.364847,24.91489845492014,"[6.8, 38.9, 46, 3.1, 31.7, 74.5999984741211]"
2025-11-19 05:54:30.466473,16.25497702700564,"[9.3, 38.9, 50, 10.47, 37.8, 70.9000015258789]"
2025-11-19 05:54:31.244931,33.3506598054335,"[16.3, 38.9, 46, 3.1, 30.0, 92.0999984741211]"
2025-11-19 05:54:31.346928,32.33660703429099,"[7.5, 38.9, 50, 10.453, 32.9, 96.0999984741211]"
2025-11-19 05:54:31.449967,8.177936342088394,"[4.2, 38.9, 50, 10.453, 28.7, 66.0999984741211]"
2025-11-19 05:54:31.549020,40.653243748004364,"[5.6, 38.9, 50, 10.453, 34.9, 19.800003051757812]"
2025-11-19 05:54:32.121725,12.060047913676211,"[17.4, 38.9, 46, 3.1, 31.6, 68.19999694824219]"
2025-11-19 05:54:32.222858,25.6166904996667,"[10.6, 38.9, 50, 10.331, 42.9, 34.80000305175781]"
2025-11-19 05:54:32.323449,49.90749583873149,"[7.9, 38.9, 50, 10.331, 34.5, 5.1999969482421875]"
2025-11-19 05:54:49.919355,692.3911299739879,"[7.4, 38.9, 46, 749.673, 68.4, 72.0999984741211]"
2025-11-19 05:54:50.021931,116.44231518573997,"[4.6, 38.9, 47, 9.154, 142.7, 97.69999694824219]"
2025-11-19 05:54:50.124942,180.67711885730483,"[4.8, 38.9, 47, 9.154, 228.8, 75.0999984741211]"
2025-11-19 05:54:50.778888,54.48297559385127,"[1.0, 38.9, 46, 3.1, 58.5, 31.5]"
2025-11-19 05:54:50.880146,51.774091527351075,"[8.3, 38.9, 47, 10.345, 59.4, 95.69999694824219]"
2025-11-19 05:54:50.981630,45.99549912960788,"[11.1, 38.9, 47, 10.345, 54.0, 90.89999389648438]"
2025-11-19 05:54:51.084168,64.67026929501336,"[4.7, 38.9, 47, 10.345, 98.9, 24.600006103515625]"
2025-11-19 05:54:51.646501,39.46773160338467,"[6.9, 38.9, 46, 3.1, 55.6, 64.4000015258789]"
2025-11-19 05:54:51.747848,39.897463115531025,"[8.7, 38.9, 48, 10.25, 49.4, 85.9000015258789]"
2025-11-19 05:54:51.849160,32.223268424143036,"[2.0, 38.9, 48, 10.25, 44.6, 57.70000457763672]"
2025-11-19 05:54:51.951130,30.57160293992079,"[8.0, 38.9, 48, 10.25, 52.4, 49.099998474121094]"
2025-11-19 05:54:52.535854,36.44848085030416,"[10.9, 38.9, 46, 3.1, 49.4, 48.69999694824219]"
2025-11-19 05:54:52.636609,45.539853741179094,"[11.9, 38.9, 48, 10.289, 44.7, 22.800003051757812]"
2025-11-19 05:54:52.738080,41.734675473539056,"[2.7, 38.9, 48, 10.289, 65.8, 26.20000457763672]"
2025-11-19 05:54:52.840635,52.95602617526048,"[6.6, 38.9, 48, 10.289, 91.6, 90.5]"
2025-11-19 05:54:53.425435,50.15212578954545,"[17.4, 38.9, 46, 3.1, 41.9, 21.099998474121094]"
2025-11-19 05:54:53.526051,27.50240520467353,"[11.6, 38.9, 48, 10.21, 40.3, 53.400001525878906]"
2025-11-19 05:54:53.627189,22.8237030176451,"[3.3, 38.9, 48, 10.21, 51.6, 53.80000305175781]"
2025-11-19 05:54:53.729591,28.674383116890596,"[2.5, 38.9, 48, 10.21, 64.8, 40.30000305175781]"
2025-11-19 05:54:54.309824,30.51301121358618,"[6.0, 38.9, 46, 3.1, 42.9, 51.70000457763672]"
2025-11-19 05:54:54.410827,34.295473848729394,"[9.3, 38.9, 48, 10.317, 49.3, 85.0]"
2025-11-19 05:54:54.511216,26.026063138660053,"[4.3, 38.9, 48, 10.317, 37.4, 59.099998474121094]"
2025-11-19 05:54:54.612460,43.22030384137986,"[11.6, 38.9, 48, 10.317, 42.9, 95.69999694824219]"
2025-11-19 05:54:55.197145,39.298056957775174,"[4.8, 38.8, 46, 3.1, 40.8, 30.70000457763672]"
2025-11-19 05:54:55.298628,42.40255167983086,"[8.2, 38.8, 48, 10.332, 37.3, 21.699996948242188]"
2025-11-19 05:54:55.399501,34.32673186825426,"[2.4, 38.8, 48, 10.332, 35.3, 80.70000457763672]"
2025-11-19 05:54:55.501778,36.73209126326771,"[0.8, 38.8, 48, 10.332, 48.9, 24.800003051757812]"
2025-11-19 05:54:55.602746,31.796349676199142,"[17.5, 38.8, 48, 10.332, 31.5, 71.9000015258789]"
2025-11-19 05:54:56.170299,54.17060051742778,"[9.9, 38.8, 46, 3.1, 38.5, 8.700004577636719]"
2025-11-19 05:54:56.271159,37.09843964917089,"[9.9, 38.8, 48, 10.277, 35.1, 85.9000015258789]"
2025-11-19 05:54:56.372455,51.47888603246228,"[8.8, 38.8, 48, 10.277, 37.9, 8.099998474121094]"
2025-11-19 05:54:56.473657,25.85271791338157,"[3.0, 38.8, 48, 10.277, 38.4, 38.80000305175781]"
2025-11-19 05:54:57.048090,55.88027685878151,"[14.3, 38.8, 46, 3.1, 34.6, 5.400001525878906]"
2025-11-19 05:54:57.149227,22.69828497589347,"[13.8, 38.8, 48, 10.324, 37.1, 43.099998474121094]"
2025-11-19 05:54:57.250120,34.40768161295316,"[2.4, 38.8, 48, 10.324, 32.2, 79.69999694824219]"
2025-11-19 05:54:57.354508,60.69035029373153,"[4.1, 38.8, 48, 10.324, 90.7, 99.0999984741211]"
2025-11-19 05:54:57.930279,25.9785522968257,"[9.7, 38.8, 46, 3.1, 35.5, 60.30000305175781]"
2025-11-19 05:54:58.030875,46.313080395054214,"[8.4, 38.8, 48, 10.379, 33.5, 13.699996948242188]"
2025-11-19 05:54:58.132330,51.13073916024324,"[8.3, 38.8, 48, 10.379, 34.1, 7.8000030517578125]"
2025-11-19 05:54:58.235986,23.53112224870818,"[3.5, 38.8, 48, 10.379, 64.6, 68.0999984741211]"
2025-11-19 05:54:58.818804,34.14702953869084,"[6.9, 38.8, 46, 3.1, 31.1, 35.099998474121094]"
2025-11-19 05:54:58.920162,39.263474124510296,"[12.6, 38.8, 48, 9.994, 35.5, 19.699996948242188]"
2025-11-19 05:54:59.021202,26.724604240473607,"[1.9, 38.8, 48, 9.994, 32.0, 63.900001525878906]"
2025-11-19 05:54:59.123706,38.32001679927276,"[9.1, 38.8, 48, 9.994, 62.4, 87.0999984741211]"
2025-11-19 05:54:59.706758,37.69969371963789,"[17.5, 38.8, 46, 3.1, 33.4, 76.0999984741211]"
2025-11-19 05:54:59.807793,26.375327385436112,"[11.8, 38.8, 48, 10.3, 33.6, 65.10000610351562]"
2025-11-19 05:54:59.908409,26.74030743495283,"[4.3, 38.8, 48, 10.3, 33.6, 39.099998474121094]"
2025-11-19 05:55:00.009941,21.741331650004497,"[9.3, 38.8, 48, 10.3, 39.7, 40.5]"
2025-11-19 05:55:00.592309,35.30761914661788,"[7.1, 38.8, 46, 3.1, 29.3, 34.399993896484375]"
2025-11-19 05:55:00.692120,34.15358261099274,"[8.3, 38.8, 48, 10.345, 30.2, 76.39999389648438]"
2025-11-19 05:55:00.793618,38.72613853033241,"[9.8, 38.8, 48, 10.345, 34.8, 17.599998474121094]"
2025-11-19 05:55:00.896596,51.72304374560826,"[4.2, 38.8, 48, 10.345, 83.3, 91.9000015258789]"
2025-11-19 05:55:01.482979,15.859350140055348,"[16.7, 38.8, 46, 3.1, 35.6, 57.5]"
2025-11-19 05:55:01.583713,32.55962339784076,"[7.6, 38.8, 48, 10.323, 40.3, 85.0999984741211]"
2025-11-19 05:55:01.684381,21.045286308608343,"[11.2, 38.8, 48, 10.323, 31.4, 36.599998474121094]"
2025-11-19 05:55:01.787995,50.47169643981979,"[2.9, 38.8, 48, 10.323, 61.3, 2.5]"
2025-11-19 05:55:02.354064,15.373641547217707,"[8.0, 38.8, 46, 3.1, 32.7, 59.400001525878906]"
2025-11-19 05:55:02.454520,37.79987644348615,"[9.9, 38.8, 48, 10.343, 31.1, 14.300003051757812]"
2025-11-19 05:55:02.555389,37.41721106252655,"[6.7, 38.8, 48, 10.343, 29.5, 13.699996948242188]"
2025-11-19 05:55:02.656759,32.049849953672364,"[13.1, 38.8, 48, 10.343, 30.9, 18.400001525878906]"
2025-11-19 05:55:03.244620,40.30003489214137,"[9.8, 38.8, 46, 3.1, 36.0, 87.70000457763672]"
2025-11-19 05:55:03.345347,40.00509623253457,"[8.3, 38.8, 48, 10.356, 33.4, 88.0999984741211]"
2025-11-19 05:55:03.446485,11.285531698518838,"[3.8, 38.8, 48, 10.356, 32.3, 46.79999542236328]"
2025-11-19 05:55:03.550663,42.67106245279661,"[5.7, 38.8, 48, 10.356, 51.4, 7.799995422363281]"
2025-11-19 05:55:03.651200,28.848374803585,"[13.3, 38.8, 48, 10.356, 29.8, 21.70000457763672]"
2025-11-19 05:55:04.215403,14.45810250216155,"[12.1, 38.8, 46, 3.1, 34.7, 60.0]"
2025-11-19 05:55:04.317645,42.90189634205876,"[10.3, 38.8, 48, 10.308, 26.9, 90.0999984741211]"
2025-11-19 05:55:04.417978,37.63614811537902,"[7.1, 38.8, 48, 10.308, 30.8, 12.100006103515625]"
2025-11-19 05:55:04.521324,54.73692921578725,"[5.6, 38.8, 48, 10.308, 62.6, 99.4000015258789]"
2025-11-19 05:55:05.103954,48.291198418245976,"[7.5, 38.8, 46, 3.1, 37.5, 98.5999984741211]"
2025-11-19 05:55:05.206078,9.354102394030432,"[7.1, 38.8, 48, 10.323, 35.3, 41.70000457763672]"
2025-11-19 05:55:05.409121,41.69233886939852,"[0.0, 38.8, 48, 10.323, 54.8, 87.4000015258789]"
2025-11-19 05:55:05.971136,48.01345862755963,"[6.1, 38.8, 46, 3.1, 34.0, 98.19999694824219]"
2025-11-19 05:55:06.073545,13.709735056137482,"[11.4, 38.8, 48, 10.217, 34.0, 39.099998474121094]"
2025-11-19 05:55:06.174560,33.02118492503726,"[6.9, 38.8, 48, 10.217, 31.7, 17.900001525878906]"
2025-11-19 05:55:06.275669,13.438011575808812,"[8.1, 38.8, 48, 10.217, 30.2, 60.80000305175781]"
2025-11-19 05:55:06.859936,31.01609247554566,"[7.1, 38.8, 46, 3.1, 31.7, 80.5]"
2025-11-19 05:55:06.961086,41.480126089526955,"[8.1, 38.8, 48, 10.318, 29.9, 10.399993896484375]"
2025-11-19 05:55:07.066173,34.86356991949777,"[0.8, 38.8, 48, 10.318, 73.3, 46.30000305175781]"
2025-11-19 05:55:07.164437,41.10828381010703,"[4.3, 38.8, 48, 10.318, 34.7, 9.5]"
2025-11-19 05:55:07.822999,41.65017051584387,"[9.1, 38.8, 46, 3.1, 31.0, 9.100006103515625]"
2025-11-19 05:55:07.924516,19.98425765884279,"[12.7, 38.8, 48, 10.409, 32.9, 69.0999984741211]"
2025-11-19 05:55:08.025359,8.20215876321716,"[2.5, 38.8, 48, 10.409, 33.5, 49.19999694824219]"
2025-11-19 05:55:08.128575,25.32451170977444,"[2.9, 38.8, 48, 10.409, 62.8, 59.599998474121094]"
2025-11-19 05:55:08.712384,30.351074612925856,"[12.1, 38.8, 46, 3.1, 31.7, 20.199996948242188]"
2025-11-19 05:55:08.813719,36.78618939222121,"[7.0, 38.8, 48, 10.377, 30.5, 85.30000305175781]"
2025-11-19 05:55:08.914415,19.011593291786433,"[13.0, 38.8, 48, 10.377, 32.5, 67.79999542236328]"
2025-11-19 05:55:09.017182,28.480252847999544,"[2.1, 38.8, 48, 10.377, 62.7, 36.5]"
2025-11-19 05:55:09.119620,43.23537198103971,"[2.9, 38.8, 48, 10.377, 67.0, 84.0]"
2025-11-19 05:55:09.685547,12.001357447092081,"[10.7, 38.8, 46, 3.1, 30.9, 45.5]"
2025-11-19 05:55:09.786908,16.39915791227816,"[9.6, 38.8, 48, 10.363, 55.3, 48.70000457763672]"
2025-11-19 05:55:09.888162,46.15222426726928,"[8.1, 38.8, 48, 10.363, 35.5, 5.099998474121094]"
2025-11-19 05:55:09.990637,54.2781546593272,"[3.2, 38.8, 48, 10.363, 71.5, 5.6999969482421875]"
2025-11-19 05:55:10.558741,40.3875213796037,"[6.2, 38.8, 46, 3.1, 29.9, 88.4000015258789]"
2025-11-19 05:55:10.659679,24.707105973246136,"[8.9, 38.8, 48, 10.28, 30.3, 72.60000610351562]"
2025-11-19 05:55:10.761052,33.76279768987188,"[8.9, 38.8, 48, 10.28, 33.0, 16.300003051757812]"
2025-11-19 05:55:10.861915,28.03238912944097,"[9.6, 38.8, 48, 10.28, 30.4, 76.5]"
2025-11-19 05:55:11.437029,44.1387167338333,"[19.0, 38.8, 46, 3.1, 32.3, 93.0]"
2025-11-19 05:55:11.537877,49.16256585552283,"[8.6, 38.8, 49, 10.349, 29.5, 99.79999542236328]"
2025-11-19 05:55:11.640993,29.92803395891294,"[0.0, 38.8, 49, 10.349, 55.6, 27.800003051757812]"
2025-11-19 05:55:11.741510,22.090841329328462,"[4.4, 38.8, 49, 10.349, 30.1, 30.79999542236328]"
2025-11-19 05:55:12.399530,35.66262856011167,"[4.1, 38.8, 46, 3.1, 34.3, 15.099998474121094]"
2025-11-19 05:55:12.499030,16.108583906349747,"[9.5, 38.8, 49, 10.187, 37.4, 33.0]"
2025-11-19 05:55:12.600747,38.52257165956228,"[8.1, 38.8, 49, 10.187, 55.9, 13.699996948242188]"
2025-11-19 05:55:12.703685,28.337133957797413,"[9.6, 38.8, 49, 10.187, 56.0, 72.30000305175781]"
2025-11-19 05:55:13.284001,49.876312808482545,"[10.7, 38.8, 46, 3.1, 31.4, 99.4000015258789]"
2025-11-19 05:55:13.384971,41.19961186670157,"[9.9, 38.8, 48, 10.211, 45.2, 92.80000305175781]"
2025-11-19 05:55:13.486672,39.00977121468331,"[6.4, 38.8, 48, 10.211, 28.9, 14.599998474121094]"
2025-11-19 05:55:13.590104,50.68439627791169,"[4.5, 38.8, 48, 10.211, 79.1, 85.89999389648438]"
2025-11-19 05:55:14.158143,14.87771350162168,"[10.8, 38.8, 46, 3.1, 33.9, 40.80000305175781]"
2025-11-19 05:55:14.259013,27.382658802547077,"[12.7, 38.8, 48, 10.353, 48.7, 25.70000457763672]"
2025-11-19 05:55:14.360039,14.07338170591793,"[4.7, 38.8, 48, 10.353, 36.0, 38.30000305175781]"
2025-11-19 05:55:14.462751,20.97786489330409,"[6.0, 38.8, 48, 10.353, 61.0, 46.69999694824219]"
2025-11-19 05:55:15.024299,47.791955188148435,"[9.7, 38.8, 46, 3.1, 58.8, 7.5]"
2025-11-19 05:55:15.125631,24.26461799053112,"[7.7, 38.8, 48, 10.343, 33.8, 28.0]"
2025-11-19 05:55:15.227150,42.23151739005553,"[5.9, 38.8, 48, 10.343, 29.7, 91.5]"
2025-11-19 05:55:15.330044,36.21689124030146,"[1.9, 38.8, 48, 10.343, 74.7, 36.30000305175781]"
2025-11-19 05:55:15.898259,13.988936249101819,"[6.4, 38.8, 46, 3.1, 29.2, 53.5]"
2025-11-19 05:55:15.999421,16.459218668083437,"[10.9, 38.8, 48, 10.29, 37.7, 65.4000015258789]"
2025-11-19 05:55:16.202213,44.14870777639494,"[10.6, 38.8, 48, 10.29, 35.0, 94.5]"
2025-11-19 05:55:16.863102,40.05874061321826,"[7.2, 38.8, 46, 3.1, 31.4, 11.099998474121094]"
2025-11-19 05:55:16.964520,26.68847912136988,"[8.7, 38.8, 48, 10.2, 31.6, 73.80000305175781]"
2025-11-19 05:55:17.066071,50.444796608322825,"[15.2, 38.7, 48, 10.2, 69.1, 6.5]"
2025-11-19 05:55:17.168623,30.632200897046992,"[6.9, 38.7, 48, 10.2, 57.7, 21.899993896484375]"
2025-11-19 05:55:17.750889,40.52773610106782,"[7.8, 38.7, 46, 3.1, 34.0, 88.19999694824219]"
2025-11-19 05:55:17.853039,13.846689792374907,"[15.5, 38.7, 49, 10.275, 31.3, 49.899993896484375]"
2025-11-19 05:55:17.953912,36.99699188453221,"[3.9, 38.7, 49, 10.275, 30.7, 84.5999984741211]"
2025-11-19 05:55:18.055830,48.41034625651751,"[7.8, 38.7, 49, 10.275, 46.6, 0.8000030517578125]"
2025-11-19 05:55:18.617380,32.887979599280015,"[7.1, 38.7, 46, 3.1, 34.1, 81.80000305175781]"
2025-11-19 05:55:18.718563,24.47259260200625,"[9.2, 38.7, 49, 10.228, 30.1, 72.89999389648438]"
2025-11-19 05:55:18.819669,20.89132987371905,"[3.6, 38.7, 49, 10.228, 33.6, 70.19999694824219]"
2025-11-19 05:55:18.921250,26.388270010134196,"[28.0, 38.7, 49, 10.228, 32.9, 36.5]"
2025-11-19 05:55:19.510533,35.85072560436623,"[13.0, 38.7, 46, 3.1, 31.1, 17.0]"
2025-11-19 05:55:19.610695,38.671365975185296,"[12.6, 38.7, 49, 10.3, 34.8, 89.80000305175781]"
2025-11-19 05:55:19.813906,17.606269177933306,"[5.5, 38.7, 49, 10.3, 34.2, 35.099998474121094]"
2025-11-19 05:55:20.396025,110.79652561326009,"[15.5, 38.7, 46, 3.1, 153.7, 45.0]"
2025-11-19 05:55:20.496920,29.180600296742735,"[13.3, 38.7, 49, 10.065, 30.4, 23.599998474121094]"
2025-11-19 05:55:20.599305,42.333291804179254,"[4.1, 38.7, 49, 10.065, 35.2, 91.9000015258789]"
2025-11-19 05:55:20.701820,18.47232260455029,"[7.8, 38.7, 49, 10.065, 60.9, 54.099998474121094]"
2025-11-19 05:55:21.282247,25.383990298937654,"[6.9, 38.7, 46, 3.1, 36.4, 75.9000015258789]"
2025-11-19 05:55:21.383513,14.463243753872291,"[9.3, 38.7, 49, 10.273, 38.7, 38.900001525878906]"
2025-11-19 05:55:21.484263,12.411121139871359,"[8.5, 38.7, 49, 10.273, 31.9, 45.399993896484375]"
2025-11-19 05:55:21.587257,55.65342619578708,"[6.9, 38.7, 49, 10.273, 67.0, 0.3000030517578125]"
2025-11-19 05:55:22.159592,22.809874492505692,"[10.5, 38.7, 46, 3.1, 32.6, 31.300003051757812]"
2025-11-19 05:55:22.260008,19.64707532243276,"[8.2, 38.7, 49, 10.382, 35.7, 31.800003051757812]"
2025-11-19 05:55:22.361254,73.97742940045786,"[8.4, 38.7, 49, 10.382, 108.9, 86.29999542236328]"
2025-11-19 05:55:22.462540,16.230891272042353,"[7.1, 38.7, 49, 10.382, 28.6, 48.599998474121094]"
2025-11-19 05:55:23.031569,44.045755096411696,"[9.9, 38.7, 46, 3.1, 32.3, 92.0]"
2025-11-19 05:55:23.132692,48.311868945795155,"[11.8, 38.7, 49, 10.361, 32.8, 2.5999984741210938]"
2025-11-19 05:55:23.233903,21.106404048670214,"[2.8, 38.7, 49, 10.361, 28.4, 62.899993896484375]"
2025-11-19 05:55:23.334875,43.58467765014919,"[9.7, 38.7, 49, 10.361, 31.6, 93.29999542236328]"
2025-11-19 05:55:23.905942,16.507405972128165,"[12.7, 38.7, 46, 3.1, 33.7, 64.0]"
2025-11-19 05:55:24.006812,46.92771127546048,"[12.0, 38.7, 49, 10.311, 36.6, 4.900001525878906]"
2025-11-19 05:55:24.107642,19.435332189770886,"[2.0, 38.7, 49, 10.311, 30.7, 63.599998474121094]"
2025-11-19 05:55:24.209899,25.810085671847038,"[6.6, 38.7, 49, 10.311, 42.7, 75.80000305175781]"
2025-11-19 05:55:24.800819,33.467193254199636,"[11.7, 38.7, 46, 3.1, 30.1, 81.69999694824219]"
2025-11-19 05:55:24.902922,37.03949923897789,"[9.9, 38.7, 49, 10.378, 32.9, 14.300003051757812]"
2025-11-19 05:55:25.004199,15.496743361293973,"[1.9, 38.7, 49, 10.378, 33.0, 39.900001525878906]"
2025-11-19 05:55:25.105680,49.4334141436316,"[10.8, 38.7, 49, 10.378, 42.2, 0.1999969482421875]"
2025-11-19 05:55:25.804237,18.515764253146923,"[3.9, 38.7, 46, 3.1, 30.4, 36.900001525878906]"
